EID,EFname,ELname,EDoB,EGender,ESpeciality,EAddress,EStartDate,DID
E00001,Harris,Stambaugh,1970-06-12,M,General surgery,"2325 Eastridge Circle, Moore, OK",2006-07-20,D006
E00002,Omer,Adria,1972-10-06,M,Physical therapy,"4 Old Colony Way, Yarmouth, MA",2010-04-04,D003
E00003,Maryjo,Mechling,1980-03-20,F,Paediatrics,"10 South Main Street, Fair Haven, VT",2005-03-25,D004
E00004,Jacki,Margarette,1984-01-07,F,Psychiatry,"9 Kimball Court, Burlington, MA",2009-06-28,D008
E00005,Tonya,Kolodgie,1972-07-03,F,Pharmacy,"172 Alburg Springs Road, Alburgh, VT",2006-06-22,D007
E00006,See,Lewse,1980-04-28,F,Intensive care medicine,"3612 Jim Robison Drive, Edmond, OK",2007-09-07,D002
E00007,Luciano,Jsandye,1978-08-06,M,Emergency physician,"7030 Cotton Blossom Lane, Montgomery, AL",2010-04-05,D001
E00008,Chi,Eve,1978-05-24,F,Paediatrics,"7817 Moose Run Circle, Anchorage, AK",2009-07-07,D004
E00009,Wilburn,Johathan,1981-01-20,M,Emergency physician,"629 Cutter Court, Annapolis, MD",2010-11-28,D001
E00010,Kathryne,Janicki,1980-06-12,F,Emergency physician,"5928 West Mauna Loa Lane, Glendale, AZ",2005-05-25,D001
E00011,Lonny,Adkins,1970-12-09,M,General surgery,"105 Inglewood Drive, Glen Burnie, MD",2008-11-25,D006
E00012,Brittney,Curkell,1982-09-19,F,Paediatrics,"301 Willow Way, Lynn Haven, FL",2005-05-31,D004
E00013,Kathern,Ferren,1972-09-27,F,Physical therapy,"208 Bonita Circle, Panama City Beach, FL",2006-05-08,D003
E00014,Teodoro,Amandi,1978-07-02,M,Pharmacy,"4188 Summerview Drive, Louisville, KY",2009-09-08,D007
E00015,Crista,Ferdinanda,1984-12-14,F,Psychiatry,"243 Kentucky Avenue, Pasadena, MD",2005-04-04,D008
E00016,Roselle,Leo,1978-07-08,F,Emergency physician,"1761 Thousand Oaks Boulevard, Berkeley, CA",2008-03-14,D001
E00017,Leonardo,June,1981-08-06,M,Physical therapy,"1720 Quacco Road, Pooler, GA",2006-05-19,D003
E00018,Raelene,Larentia,1973-11-05,F,General surgery,"8001 East 6th Avenue, Anchorage, AK",2009-12-30,D006
E00019,Nichelle,Klockau,1971-06-30,F,Physical therapy,"14285 Wycliff Way, Magalia, CA",2007-11-09,D003
E00020,Alexis,Bergh,1973-02-07,M,Emergency physician,"16 Conway Street, Shelburne Falls, MA",2008-12-13,D001
E00021,Nelson,Kassie,1980-07-10,M,Physical therapy,"3729 East Mission Boulevard, Fayetteville, AR",2005-01-16,D003
E00022,Cruz,Hanselka,1976-03-30,M,Diagnostic radiology,"618 McLaws Street, Savannah, GA",2010-12-15,D005
E00023,Drew,Nannette,1972-04-13,F,Paediatrics,"344 Island Road, Savannah, GA",2006-04-03,D004
E00024,Brady,Cohligan,1981-12-30,M,Psychiatry,"137 Gazebo East Drive, Montgomery, AL",2005-07-17,D008
E00025,Ettie,Zared,1977-03-04,F,General surgery,"2032 4th Street Northwest, Washington, DC",2005-01-06,D006
E00026,Renato,O'Kelly,1983-05-17,M,Emergency physician,"208 Timrod Road, Manchester, CT",2010-09-13,D001
E00027,Ulysses,Encratia,1972-12-13,M,Psychiatry,"4500 Margalo Avenue, Bakersfield, CA",2005-07-12,D008
E00028,Ron,Elicia,1984-05-22,M,General surgery,"18505 Onyx Avenue, Waddell, AZ",2007-11-04,D006
E00029,Judson,Hoag,1971-10-07,M,Physical therapy,"223 Goose Pond Road, Fairfax, VT",2005-12-09,D003
E00030,Emery,Sage,1970-09-29,M,Intensive care medicine,"32512 Christine Drive, Union City, CA",2009-08-21,D002
E00031,Calandra,Read,1974-04-17,F,Physical therapy,"7910 West Krall Street, Glendale, AZ",2005-10-07,D003
E00032,Alonso,Marlo,1976-02-10,M,Physical therapy,"74 Springfield Street, Agawam, MA",2007-12-11,D003
E00033,Waldo,Mehalick,1979-04-20,M,General surgery,"3526 Sutton Loop, Fremont, CA",2005-07-30,D006
E00034,Tad,Schug,1977-05-08,M,Diagnostic radiology,"906 West Berry Street, Fayetteville, AR",2010-01-22,D005
E00035,Ladawn,Marcelline,1981-11-16,F,Diagnostic radiology,"513 10th Street Southeast, Washington, DC",2008-05-13,D005
E00036,Dwayne,Purity,1970-04-08,M,Intensive care medicine,"2544 Worthington Way, Fayetteville, AR",2007-07-13,D002
E00037,Georgette,Querida,1979-02-13,F,Emergency physician,"6231 North 59th Avenue, Glendale, AZ",2010-06-24,D001
E00038,Wilburn,Bjorn,1984-06-05,M,Diagnostic radiology,"2405 230th Street, Pasadena, MD",2009-11-09,D005
E00039,Bernard,Blackmun,1972-04-17,M,General surgery,"2348 Cantalise Drive, Dublin, CA",2008-11-12,D006
E00040,Eda,Celtic,1975-12-21,F,Paediatrics,"8401 Pinewood Drive, Oklahoma City, OK",2009-03-02,D004
E00041,Alden,Fredek,1982-12-24,M,Paediatrics,"262 Mitchell Street, Groton, CT",2006-06-22,D004
E00042,Tenesha,Baptiste,1978-12-01,F,Intensive care medicine,"93 Hamlin Street, Manchester, CT",2008-06-22,D002
E00043,Venetta,Batholomew,1985-08-13,F,Diagnostic radiology,"4604 Virginia Loop Road, Montgomery, AL",2006-09-21,D005
E00044,Arnold,Guillemette,1972-08-29,M,Physical therapy,"1906 Palmetto Avenue, Panama City, FL",2005-03-03,D003
E00045,Melodie,Loeb,1970-02-18,F,Emergency physician,"2034 Fairfax Road, Annapolis, MD",2007-08-31,D001
E00046,Billie,Nielsen,1970-07-17,M,Diagnostic radiology,"337 South Drive, Severna Park, MD",2006-02-20,D005
E00047,Faustino,Starobin,1977-04-19,M,Intensive care medicine,"6988 West Blackhawk Drive, Glendale, AZ",2009-09-13,D002
E00048,Sylvester,Linden,1983-11-04,M,Emergency physician,"5803 West Gelding Drive, Glendale, AZ",2009-05-27,D001
E00049,Belen,Jacki,1984-03-13,F,Emergency physician,"919 Windsor Avenue, Annapolis, MD",2010-05-14,D001
E00050,Nguyen Van,A,1974-08-06,M,Pharmacy,"3408 Bellisima Place, Louisville, KY",2005-02-25,D007
